;TYPE;NAME;VARIABLE NAME;ACCOUNT;LIST;ID;STATUS
Utilisateur;Classe;User;;;;;
Apprenant;Classe;Learner;;learnerAccount;learnerList;id;
Administrateur;Classe;Administrator;;administratorAccount;;id;
Formateur;Classe;Teacher;;teacherAccount;leacherList;id;
Note;Classe;Note;;;noteList;id;
Session;Classe;TrainingSession;trainingSessionName;;trainingSessionList / listSession;id;
Formation;Classe;TrainingModule;trainingModuleName;;trainingModuleList;id;
;;;;;;;
NomDeFamille;String;lastName;;;;;
Prenom;String;firstName;;;;;
Telephone;Integer;phone;;;;;
Email;String;email;;;;;
MotDePasse;String;password;;;;;
Experience;Double;experience;;;;;
Specialite;String;subject;;;;;
DateDebut;Date;startDate;;;;;
DateFin;Date;endDate;;;;;
Salle;String;room;;;;;
Statut;String;status;;;;;nonValidated, validated, running, ended
Presence;Boolean;learnerPresence;;;learnerPresenceList;;
NbApprenantMin;Integer;minNbLearner;;;;;
FormationApprenant;Training;registeredTraining;;;;;
