MAPPING;METHOD;URL
get;findLearner;/learnerController/learner/{id}
get;findLearnerAccountList;/learnerController/learner
post;saveLearner;/learnerController/learner
put;updateLearner;/learnerController/learner
delete;deleteLearner;/learnerController/learner/{id}
get;findTeacher;/teacherController/teacher/{id}
get;findTeacherAccountList;/teacherController/teacher
post;saveTeacher;/teacherController/teacher
put;updateTeacher;/teacherController/teacher
delete;deleteTeacher;/teacherController/teacher/{id}
get;findTrainingModuleById;/trainingModuleController/trainingModule/{id}
get;findAllTrainingModule;/trainingModuleController/trainingModule
post;createTrainingModule;/trainingModuleController/trainingModule
put;updateTrainingModule;/trainingModuleController/trainingModule
delete;deleteTrainingModule;/trainingModuleController/trainingModule/{id}
get;addLearnerToTrainingModule;/trainingModuleController/addLearner/{id, id}
;;
;A FAIRE;
get;validatePresence;/sessionController/validatePresence/{id, id}
get;evaluateTeacher;/learnerController/noteToTeacher/{id, note}
get;answerSessionProposition;/teacherController/teacher/{id,answer}
get;askLearnerPresence;/sessionController/session/{id}
